名前（括弧・在庫を除いた形）,社内メモに出た受注数,うち「劣化」入り,実際の表記（上位5つ・受注数）,表記の種類数,区分（生産者／仕入元／品種／お客様名／運用メモ／その他）,同じ生産者の別表記（まとめる先）
KRK,45724,236,KRK（30972） | KRK在庫（5330） | KRK(あかつき)（754） | KRK(川中)（681） | KRK:在庫（476）,225,,
仁,20485,58,仁（9465） | 仁在庫（6483） | 仁(在庫)（1567） | 仁(あかつき)（530） | 仁(黄貴妃)（445）,49,,
太賀,7775,36,太賀（6910） | 太賀(在庫)（296） | 太賀在庫（285） | 太賀(さくら)（215） | 太賀(サンふじ)（21）,11,,
斉藤,7600,79,斉藤（6428） | 斉藤(在庫)（1126） | 斉藤(美晴)在庫（27） | 斉藤(阿部)（17） | 斉藤(川中)（5）,10,,
市場,4086,20,市場（3686） | 市場(在庫)（343） | 市場(光月)（28） | 市場(きらら)（18） | 市場(黄金)在庫（8）,9,,
石山,3371,39,石山（3010） | 石山(在庫)（193） | 石山(川中)在庫（64） | 石山(川中)（37） | 石山(まどか)（28）,10,,
農産,2937,9,農産（2822） | 農産(在庫)（90） | 農産(幸水)（12） | 農産(冷蔵庫)（7） | 農産(冷蔵)（4）,6,,
伊藤青果,2816,25,伊藤青果（2141） | 伊藤青果(あかつき)（341） | 伊藤青果(川中)（155） | 伊藤青果(在庫)（78） | 伊藤青果(あかつき)在庫（32）,12,,
平田,1446,20,平田（1439） | 平田在庫（7）,2,,
日果里,1221,10,日果里（1002） | 日果里(在庫)（118） | 日果里(川中)（50） | 日果里(スイート光黄)（31） | 日果里(あかつき)在庫（7）,9,,
慎吾,1160,16,慎吾（1109） | 慎吾在庫（42） | 慎吾(在庫)（10）,3,,
大石,1093,8,大石（729） | 大石(川中)（125） | 大石(あかつき)（118） | 大石(美晴)（56） | 大石(在庫)（27）,9,,
洋介,1054,12,洋介（306） | 洋介(川中)（279） | 洋介(あかつき)（139） | 洋介(美晴)（78） | 洋介(幸茜)（72）,16,,
羽柴,1047,12,羽柴（1022） | 羽柴在庫（22） | 羽柴(在庫)（3）,3,,
東海林,774,3,東海林(斉藤)（397） | 東海林(斉藤)在庫（308） | 東海林(斎藤)（70）,3,,
浩司,698,3,浩司（536） | 浩司(在庫)（81） | 浩司在庫（63） | 8日:浩司（18）,4,,
フーズ,632,4,フーズ（574） | フーズ(在庫)（39） | フーズ(光月)在庫（12） | フーズ(冷蔵)（6） | フーズ(あきづき)（1）,5,,
忠光,482,9,忠光（256） | 忠光(黄金)（49） | 忠光(なつおとめ)（49） | 忠光(あかつき)在庫（26） | 忠光(さくら)（25）,14,,
美沙,468,0,美沙(川中)（164） | 美沙(あかつき)（126） | 美沙(陽夏妃)（71） | 美沙（53） | 美沙(川中島)（23）,11,,
果乃蔵,447,6,果乃蔵(在庫)（124） | 果乃蔵(秋香雪)在庫（100） | 果乃蔵（94） | 果乃蔵(秋香雪)（72） | 果乃蔵(光月)（32）,7,,
太田,392,4,太田（391） | 太田在庫（1）,2,,
八嶋,300,4,八嶋(川中)（127） | 八嶋（89） | 八嶋(あかつき)（58） | 八嶋(ゆうぞら)（18） | 八嶋在庫(川中)（6）,6,,
渡辺,274,5,渡辺（187） | 7日:渡辺（19） | 6日:渡辺（18） | 5日:渡辺（17） | 8日:渡辺（14）,9,,
保角,246,1,保角(あかつき)（121） | 保角(川中)（77） | 保角（30） | 保角(伊達)（14） | 保角在庫(あかつき)（4）,5,,
鈴木,242,0,鈴木（231） | 鈴木(白根)（11）,2,,
青山,225,1,青山（199） | 青山在庫（26）,2,,
クダモノラクエン,181,1,クダモノラクエン(斉藤)（181）,1,,
高橋,150,0,高橋(斉藤)（108） | 高橋（34） | 高橋(おどろき)（8）,3,,
梅津,123,0,梅津(川中)（64） | 梅津(あぶくま)（42） | 梅津(あかつき)（12） | 梅津（2） | 梅津(川中)在庫（2）,6,,
渡邊,118,0,渡邊（117） | 渡邊在庫（1）,2,,
石山青果,118,0,石山青果（118）,1,,
斎藤,113,1,斎藤（88） | 斎藤(在庫)（15） | 斎藤(あかつき)（5） | 斎藤(高橋)（5）,4,,
花輪,111,0,花輪（111）,1,,
蜂谷,103,1,蜂谷（103）,1,,
国重,92,0,国重(斉藤)（46） | 国重(青空むすめ)在庫（21） | 国重(青空むすめ)（15） | 国重（7） | 国重(斉藤)在庫（2）,6,,
仁在庫:3kg,90,0,仁在庫:3kg（58） | 仁在庫(川中):3kg（14） | 仁在庫(きらら):3kg（11） | 仁在庫(あかつき):3kg（7）,4,,
吉田,90,0,吉田(斉藤)（86） | 吉田（4）,2,,
八島,82,10,八島(川中)在庫（37） | 八島（24） | 八島(あかつき)（10） | 八島(川中)（10） | 八島(ゆうぞら)（1）,5,,
krk,82,0,krk（82）,1,,
KRKから発送:9日,80,0,KRKから発送:9日（80）,1,,
KRK在庫:3kg,73,0,KRK在庫(黄金):3kg（19） | KRK在庫:3kg（16） | KRK在庫(白桃):3kg（14） | KRK在庫(きらら):3kg（10） | KRK在庫(伊達):3kg（6）,9,,
太賀:3日発送,68,0,太賀:3日発送（68）,1,,
伊藤,67,0,伊藤（46） | 伊藤在庫（20） | 伊藤(さくら)（1）,3,,
太賀:,65,1,太賀:在庫（63） | 太賀:在庫(2L)（2）,2,,
あかつき,60,0,あかつき(斎藤)（52） | あかつき（8）,2,,
23日発送:太賀,60,0,23日発送:太賀（60）,1,,
多田農園,54,0,多田農園（54）,1,,
バラ×2,52,0,バラ×2（52）,1,,
西王母(9,52,3,西王母(9（52）,1,,
16済),51,1,16済)（51）,1,,
つや姫,49,0,つや姫（49）,1,,
桃(8,47,0,桃(8（47）,1,,
1kg×2,47,0,1kg×2（47）,1,,
5kg×2,46,0,5kg×2（46）,1,,
母の日,46,0,母の日（46）,1,,
→,45,20,→（45）,1,,
早く,45,0,早く（45）,1,,
再発送,45,42,再発送（43） | 再発送(受け取り遅延)（1） | 再発送(2LでOK)（1）,3,,
父の日,45,0,父の日（45）,1,,
はえぬき,44,0,はえぬき（44）,1,,
発送:6日,44,0,発送:6日（44）,1,,
00-12:00,43,0,08:00-12:00（43）,1,,
6済),43,0,6済)（43）,1,,
誕生日,42,0,誕生日（42）,1,,
渡辺:11日,42,0,渡辺:11日（42）,1,,
内祝,41,0,内祝（41）,1,,
17済),40,0,17済)（40）,1,,
バラ×6,40,0,バラ×6（40）,1,,
在庫あり,39,0,在庫あり（37） | 在庫あり(冷凍庫)（1） | 在庫あり(老野森)（1）,3,,
9済),39,0,9済)（39）,1,,
紅秀峰(6,39,1,紅秀峰(6（39）,1,,
18済),39,0,18済)（38） | 18済)(送料+)（1）,2,,
元木,38,1,元木(川中島)（22） | 元木(幸茜)（12） | 元木（4）,3,,
武田,38,0,武田(光月)在庫（12） | 武田(西王母&光月)（8） | 武田(花えみ)（7） | 武田(西王母)在庫（5） | 武田(西王母)（4）,6,,
rp.済み,38,0,rp.済み（38）,1,,
りぴ,37,0,りぴ（37）,1,,
おどろき(8,37,0,おどろき(8（37）,1,,
バラ×3,36,0,バラ×3（35） | バラ×3(済)（1）,2,,
御祝,36,0,御祝（36）,1,,
高橋まどか,36,1,高橋(斉藤)まどか（36）,1,,
10着,36,0,10着（36）,1,,
KRK在庫:2L,36,2,KRK在庫:2L（36）,1,,
仁在庫:紅秀峰,36,0,仁在庫:紅秀峰（36）,1,,
シャイン(9,35,0,シャイン(9（35）,1,,
KRK在庫:秀,35,0,KRK在庫(黄金):秀（18） | KRK在庫(ゆめかおり):秀（16） | KRK在庫:秀（1）,3,,
武田あかつき,35,0,武田(斉藤)あかつき（35）,1,,
rp抜け,34,0,rp抜け（34）,1,,
中,33,0,中（33）,1,,
まんじゅう,33,0,まんじゅう（29） | まんじゅう(発注済)（4）,2,,
バラ,33,0,バラ（29） | バラ(発注済)（2） | バラ(発注済み)（1） | バラ(在庫あり)（1）,4,,
30済),33,0,30済)（33）,1,,
20済),33,1,20済)（33）,1,,
26済),33,0,26済)（33）,1,,
最短,33,0,最短（33）,1,,
クール,32,0,クール（32）,1,,
31日発送2,32,0,31日発送2（32）,1,,
24済),32,0,24済)（32）,1,,
9着,32,0,9着（32）,1,,
洋セット,32,0,洋セット（31） | 洋セット(発注済)（1）,2,,
黄桃(8,31,0,黄桃(8（31）,1,,
御礼,31,0,御礼（31）,1,,
19済),31,0,19済)（31）,1,,
御中元,31,0,御中元（31）,1,,
30迄,31,0,30迄（31）,1,,
大賀,31,0,大賀(在庫)（17） | 大賀（14）,2,,
18日発送:KRK,31,0,18日発送:KRK（31）,1,,
16日発送→9日,30,0,16日発送→9日（30）,1,,
29済),30,0,29済)（30）,1,,
洋介:あかつき,30,0,洋介:あかつき（30）,1,,
29日発送:大将錦,30,0,29日発送:大将錦（30）,1,,
14済),29,0,14済)（29）,1,,
3済),29,0,3済)（29）,1,,
青空(9,28,3,青空(9（28）,1,,
川中(8,28,0,川中(8（28）,1,,
もろこし,28,0,もろこし（22） | もろこし(発注済)（4） | もろこし(発注済み)（1） | もろこし(在庫あり)（1）,4,,
22済),28,0,22済)（28）,1,,
25済),28,1,25済)（28）,1,,
11済),28,0,11済)（28）,1,,
GOLD,28,0,GOLD（25） | GOLD(発注済み)（2） | GOLD(発注済)（1）,3,,
黄桃(9,27,0,黄桃(9（27）,1,,
八嶋:川中,27,2,八嶋:川中（25） | 八嶋:川中(詰め替え)（2）,2,,
無地,27,0,無地（26） | 無地(慶事)（1）,2,,
いつ発送?,27,0,いつ発送?（26） | いつ発送?(予定日返答済み)（1）,2,,
CX(9,27,0,CX(9（27）,1,,
警告注文,27,0,警告注文（27）,1,,
クダモノ在庫:2kg2箱,27,0,クダモノ(美晴)在庫:2kg2箱（27）,1,,
13済),27,1,13済)（27）,1,,
12着,27,0,12着（27）,1,,
11着,27,1,11着（27）,1,,
21済),27,0,21済)（27）,1,,
出荷メール済み,27,0,出荷メール済み（27）,1,,
むかしの納豆×30,26,0,むかしの納豆×30（26）,1,,
リピrp,26,0,リピrp（26）,1,,
仁在庫:2kg3箱,26,0,仁(あかつき)在庫:2kg3箱（25） | 仁在庫(川中):2kg3箱（1）,2,,
12済),26,0,12済)（26）,1,,
28済),26,0,28済)（26）,1,,
八島在庫:2kg3箱,26,1,八島(あかつき)在庫:2kg3箱（16） | 八島(川中)在庫:2kg3箱（10）,2,,
洋介:まどか,26,0,洋介:まどか（26）,1,,
不可,26,0,不可（26）,1,,
志,25,0,志（25）,1,,
KRK在庫:2個バンド,25,0,KRK在庫:2個バンド（12） | KRK在庫(桃水):2個バンド（6） | KRK在庫(金山):2個バンド（3） | KRK在庫(白桃&黄貴妃):2個バンド（2） | KRK在庫(光月):2個バンド（1）,6,,
抹茶,25,0,抹茶（25）,1,,
5済),25,0,5済)（25）,1,,
武田まどか,25,0,武田(斉藤)まどか（25）,1,,
写真待ち,24,15,写真待ち（24）,1,,
美晴(9,24,2,美晴(9（24）,1,,
不在,24,0,不在（24）,1,,
発注済:25日,24,0,発注済:25日（24）,1,,
7月4日:発送,24,0,7月4日:発送（24）,1,,
再送,23,13,再送（21） | 再送(斉藤さんから)（2）,2,,
00-16:00,23,0,14:00-16:00（23）,1,,
10済),23,1,10済)（23）,1,,
00-21:00,23,0,18:00-21:00（22） | 19:00-21:00（1）,2,,
8日発送:伝票登録済,23,0,8日発送:伝票登録済（23）,1,,
桃(7,23,0,桃(7（23）,1,,
通常,23,1,通常（23）,1,,
お中元,23,0,お中元（23）,1,,
11日発送:KRK,23,0,11日発送:KRK（23）,1,,
KRK在庫:2kg×2箱,23,0,KRK在庫:2kg×2箱（23）,1,,
御供,22,0,御供（22）,1,,
辻そば,22,0,辻そば（22）,1,,
27済),22,1,27済)（22）,1,,
00-20:00,22,0,18:00-20:00（22）,1,,
電話注文,21,0,電話注文（21）,1,,
誕生日御祝,21,0,誕生日御祝（21）,1,,
入金済み,21,0,入金済み（20） | 9:入金済み（1）,2,,
確認中,21,2,確認中（21）,1,,
高徳(11,21,1,高徳(11（21）,1,,
〇〇,21,0,〇〇（21）,1,,
洋介:美晴,21,0,洋介:美晴（21）,1,,
美沙:陽夏妃,21,0,美沙:陽夏妃（19） | 美沙:陽夏妃(2kg×2)（2）,2,,
伊達(9,20,1,伊達(9（20）,1,,
7済),20,0,7済)（20）,1,,
2済),20,0,2済)（20）,1,,
記載済,19,0,記載済（19）,1,,
領収書案内,19,0,領収書案内（19）,1,,
もなか,19,0,もなか（19）,1,,
白桃(8,19,0,白桃(8（19）,1,,
15済),19,1,15済)（19）,1,,
NPNG→振込,19,0,NPNG→振込（19）,1,,
後藤,19,0,後藤（18） | 後藤(発注済)（1）,2,,
発注済:26日発送,19,0,発注済:26日発送（19）,1,,
発注済:17日,19,0,発注済:17日（19）,1,,
17発送連絡済,19,0,17発送連絡済（19）,1,,
デラ,19,0,デラ（19）,1,,
いつ?,18,0,いつ?（18）,1,,
和セット,18,0,和セット（16） | 和セット(発注済)（2）,2,,
在庫分,18,0,在庫分（16） | 在庫(返品)分（2）,2,,
農産センター,18,0,農産センター（18）,1,,
31済),18,1,31済)（18）,1,,
注文者変更済,18,0,注文者変更済（18）,1,,
クール案内,18,0,クール案内（18）,1,,
注意,18,2,注意（18）,1,,
最中,17,0,最中（14） | 最中(発注済)（2） | 最中(済)（1）,3,,
白桃,17,0,白桃（17）,1,,
生そば,17,0,生そば（12） | 生そば(タレなし)（2） | 生そば(発注済)（1） | 生そば(冷蔵庫在庫あり)（1） | 生そば(通常)（1）,5,,
バラ×5,17,0,バラ×5（17）,1,,
ほうじ茶,17,0,ほうじ茶（17）,1,,
1済),17,1,1済)（17）,1,,
風呂敷包み,17,0,風呂敷包み（17）,1,,
法人のため,17,0,法人のため（17）,1,,
平日着で発送,17,0,平日着で発送（17）,1,,
洋,17,0,洋（12） | 洋(発注済み)（3） | 洋(在庫分)（1） | 洋(発注済)（1）,4,,
なつおとめ,17,0,なつおとめ（17）,1,,
10-11,17,0,10-11（17）,1,,
KRK在庫2箱,17,1,KRK(川中&黄金)在庫2箱（17）,1,,
美沙:あかつき,17,0,美沙:あかつき（17）,1,,
*発注済*,17,0,*発注済*（17）,1,,
ラフ,16,0,ラフ（16）,1,,
00-18:00,16,0,16:00-18:00（16）,1,,
サレ缶,16,0,サレ缶（16）,1,,
バラ×1,16,0,バラ×1（15） | バラ×1(発注済)（1）,2,,
NPへ変更,16,0,NPへ変更（16）,1,,
クダモノ,16,0,クダモノ(美晴)（12） | クダモノ(斉藤)在庫（3） | クダモノ(美晴)在庫（1）,3,,
和,16,0,和（13） | 和(発注済)（3）,2,,
村上陽夏妃,16,0,村上(斉藤)陽夏妃（16）,1,,
お歳暮,16,0,お歳暮（16）,1,,
八嶋:あかつき,16,0,八嶋:あかつき（16）,1,,
川中,15,0,川中（13） | 川中(在庫)（2）,2,,
スモッチバラ×1個,15,0,スモッチバラ×1個（14） | スモッチバラ×1個(発注済)（1）,2,,
8済),15,0,8済)（15）,1,,
てんどう,15,0,てんどう（15）,1,,
シロッち,15,0,シロッち（14） | シロッち(発注済)（1）,2,,
太賀:2個バンド,15,0,太賀:2個バンド（14） | 太賀:2個バンド(在庫)（1）,2,,
太賀:つがる,15,0,太賀:つがる（15）,1,,
12月,14,1,12月（12） | 12月(お歳暮)（2）,2,,
高徳,14,0,高徳（14）,1,,
スモッチバラ×2個,14,0,スモッチバラ×2個（13） | スモッチバラ×2個(発注済み)（1）,2,,
納豆,14,0,納豆(発注済み)（5） | 納豆（5） | 納豆(発注済)（4）,3,,
23済),14,0,23済)（14）,1,,
紅秀峰,14,0,紅秀峰（13） | 紅秀峰(済)（1）,2,,
渡辺:10日,14,0,渡辺:10日（14）,1,,
8月2日発送,14,0,8月2日発送（14）,1,,
東海林(斎藤,14,0,東海林(斎藤（14）,1,,
KEK:羅王,14,0,KEK:羅王（14）,1,,
白桃(9,13,0,白桃(9（13）,1,,
鳥中華,13,0,鳥中華（9） | 鳥中華(乾麺)（2） | 鳥中華(生)（1） | 鳥中華(発注済)（1）,4,,
さくら(9,13,0,さくら(9（13）,1,,
写真まち,13,10,写真まち（13）,1,,
GOLD×2,13,0,GOLD×2（12） | GOLD×2(発注済)（1）,2,,
1kg×4,13,0,1kg×4（13）,1,,
ゴールドバラ×1個,13,0,ゴールドバラ×1個（13）,1,,
メール済み,13,1,メール済み（13）,1,,
伊藤青果&,13,0,伊藤青果(黄金)&（13）,1,,
3件4箱,13,0,3件4箱（13）,1,,
高橋:美郷,13,0,高橋(斉藤):美郷（13）,1,,
10kg×2,13,0,10kg×2（13）,1,,
発注済:10日,13,0,発注済:10日（13）,1,,
高橋黄金,13,0,高橋(斉藤)黄金（13）,1,,
八島2kg2箱,13,1,八島(川中)2kg2箱（8） | 八島2kg2箱（4） | 八島(ゆうぞら)2kg2箱（1）,3,,
洋介2kg2箱,13,1,洋介(川中)2kg2箱（13）,1,,
31発:連絡済),13,0,31発:連絡済)（13）,1,,
(3,13,0,(3（13）,1,,
CX(10,12,0,CX(10（12）,1,,
いつもありがとう,12,0,いつもありがとう（12）,1,,
入金済,12,0,入金済（12）,1,,
注文者変更済み,12,0,注文者変更済み（12）,1,,
スイーツ福袋,12,0,スイーツ福袋（12）,1,,
すいか(7,12,0,すいか(7（12）,1,,
ビター,12,0,ビター（12）,1,,
決済エラー,12,0,決済エラー（12）,1,,
8着,12,0,8着（12）,1,,
酒,12,0,酒（12）,1,,
13着,12,0,13着（12）,1,,
20日発送:発注済,12,0,20日発送:発注済（12）,1,,
発送:11日,12,0,発送:11日（12）,1,,
発注済:9日,12,0,発注済:9日（12）,1,,
苺,12,0,苺（12）,1,,
保角:あかつき,12,0,保角:あかつき（12）,1,,
*済*,12,0,*済*（12）,1,,
大石:あかつき,12,0,大石:あかつき（12）,1,,
敬老,11,0,敬老（11）,1,,
黄桃,11,1,黄桃（10） | 黄桃(敬老)（1）,2,,
平箱,11,0,平箱（11）,1,,
15着,11,0,15着（11）,1,,
敬老の日,11,0,敬老の日（11）,1,,
平日着,11,0,平日着（11）,1,,
1kg×3,11,0,1kg×3（11）,1,,
バラ3,11,0,バラ3（10） | バラ3(済)（1）,2,,
さくらんぼ(6,11,0,さくらんぼ(6（11）,1,,
スモッち,11,0,スモッち（6） | スモッち(発注済)（4） | スモッち(発注済み)（1）,3,,
オレンジ,11,0,オレンジ（11）,1,,
太賀5kg,11,0,太賀5kg（11）,1,,
伊藤青果10kg,11,0,伊藤青果10kg（11）,1,,
シロッち×2,11,0,シロッち×2（11）,1,,
オーソリNG→NP,11,0,オーソリNG→NP（11）,1,,
連絡あり,11,0,連絡あり（11）,1,,
渡辺:6日,11,0,渡辺:6日（11）,1,,
株式会社,11,0,株式会社（11）,1,,
11月(11,11,0,11月(11（11）,1,,
8日発送:発注済,11,0,8日発送:発注済（11）,1,,
1月(1,11,0,1月(1（11）,1,,
発送:24日,11,0,発送:24日（11）,1,,
トマト,11,0,トマト（11）,1,,
振込済み,11,0,振込済み（11）,1,,
KRK2個バンド,11,0,KRK(ゆうぞら)2個バンド（10） | KRK(まどか)2個バンド（1）,2,,
RP,11,0,RP（11）,1,,
KRK在庫:5kg,10,0,KRK在庫(美晴):5kg（9） | KRK在庫(玉うさぎ):5kg（1）,2,,
まどか,10,0,まどか（10）,1,,
問い合わせあり,10,0,問い合わせあり（10）,1,,
タレ無し,10,0,タレ無し（10）,1,,
2件3箱,10,0,2件3箱（10）,1,,
玉こん,10,0,玉こん（8） | 玉こん(発注済)（1） | 玉こん(個包装)（1）,3,,
渡辺:8日,10,0,渡辺:8日（10）,1,,
2L,10,0,2L（10）,1,,
16着,10,0,16着（10）,1,,
仁在庫:2kg2箱,10,0,仁(あかつき)在庫:2kg2箱（5） | 仁(黄金)在庫:2kg2箱（5）,2,,
スモッチバラ×3個,10,0,スモッチバラ×3個（9） | スモッチバラ×3個(発注済み)（1）,2,,
12月(12,10,0,12月(12（10）,1,,
スプリングス,10,0,スプリングス（10）,1,,
洋セット:発注済,10,0,洋セット:発注済（10）,1,,
洋介2kg3箱,10,0,洋介(川中)2kg3箱（5） | 洋介(美晴)2kg3箱（5）,2,,
5kg×3,10,0,5kg×3（10）,1,,
武田光月,10,0,武田(斉藤)光月（10）,1,,
11出荷,10,0,11出荷（10）,1,,
御年賀,10,0,御年賀（10）,1,,
羽柴&KRK詰替分,10,0,羽柴&KRK詰替分（10）,1,,
7月14日発送,10,0,7月14日発送（10）,1,,
平田:,10,0,平田:在庫（10）,1,,
納品分,10,0,納品分（10）,1,,
平田:1kgにして,10,0,平田:1kgにして（10）,1,,
まどか(8,10,1,まどか(8（10）,1,,
多田,10,0,多田（10）,1,,
柿,9,0,柿（9）,1,,
17→16日発送,9,0,17→16日発送（9）,1,,
りんご,9,1,りんご（8） | りんご(クール)（1）,2,,
生姜,9,0,生姜（9）,1,,
仁在庫:秀,9,0,仁在庫(あかつき):秀（9）,1,,
くるみ豆腐,9,0,くるみ豆腐(発注済)（3） | くるみ豆腐（3） | くるみ豆腐(発注済み)（2） | くるみ豆腐(+送料×2)（1）,4,,
柿(11,9,0,柿(11（9）,1,,
風呂敷,9,0,風呂敷（9）,1,,
保角&仁,9,0,保角(川中)&仁(黄貴妃)（9）,1,,
配送先変更済,9,0,配送先変更済（9）,1,,
宝相華,9,0,宝相華（9）,1,,
ビスケット,9,0,ビスケット（7） | ビスケット(老野森あり)（1） | ビスケット(発注済)（1）,3,,
無地のし,9,0,無地のし（9）,1,,
長期不在,9,0,長期不在（9）,1,,
日香里,9,0,日香里（9）,1,,
スモッチ,9,0,スモッチ(発注済み)（6） | スモッチ（3）,2,,
ラフ(11,9,1,ラフ(11（9）,1,,
置き配注意,9,0,置き配注意（9）,1,,
武田ゆうぞら,9,0,武田(斉藤)ゆうぞら（9）,1,,
洋セット:福袋,9,0,洋セット:福袋（9）,1,,
すいーとぽてと20個,9,0,すいーとぽてと20個（9）,1,,
美晴,9,1,美晴（9）,1,,
メール済,9,0,メール済（7） | 16:メール済（1） | 18:メール済（1）,3,,
KRK詰め替え,9,1,KRK詰め替え（9）,1,,
保角:あかつき2kg×2,9,0,保角:あかつき2kg×2（9）,1,,
渡部,9,0,渡部（9）,1,,
rp.済,9,0,rp.済（9）,1,,
喜多方,8,0,喜多方（8）,1,,
辛みそ,8,0,辛みそ（8）,1,,
28→16日発送,8,0,28→16日発送（8）,1,,
50包ずつ発送,8,0,50包ずつ発送（8）,1,,
指定不可,8,0,指定不可（8）,1,,
駒そば,8,0,駒そば（8）,1,,
すいか(8,8,0,すいか(8（8）,1,,
洋介:川中,8,1,洋介:川中（8）,1,,
よくばり,8,0,よくばり（7） | よくばり(発注済)（1）,2,,
シロ×2,8,0,シロ×2（8）,1,,
7本×3セット,8,0,7本×3セット（8）,1,,
果物楽園,8,0,果物楽園(斉藤)（8）,1,,
ゴールドバラ×2個,8,0,ゴールドバラ×2個（8）,1,,
保存米つや姫,8,0,保存米つや姫（8）,1,,
送付先住所変更済み,8,1,送付先住所変更済み（8）,1,,
渡辺:7日,8,0,渡辺:7日（8）,1,,
14着,8,0,14着（8）,1,,
10以降,8,0,10以降（8）,1,,
住所不明,8,0,住所不明（8）,1,,
シロッち×3,8,0,シロッち×3（8）,1,,
秀品),8,0,秀品)（8）,1,,
カードNG,8,0,カードNG（8）,1,,
住所変更済み,8,0,住所変更済み（8）,1,,
仁2kg2箱:,8,0,仁(黄金)2kg2箱:在庫（8）,1,,
忠光在庫:2kg2箱,8,0,忠光(黄金)在庫:2kg2箱（8）,1,,
はえぬき5kg×2セット,8,0,はえぬき5kg×2セット（8）,1,,
4済),8,0,4済)（8）,1,,
発注済:12日,8,0,発注済:12日（8）,1,,
武田西王母,8,0,武田(斉藤)西王母（8）,1,,
発注済:30日,8,0,発注済:30日（8）,1,,
オレンジ×2,8,0,オレンジ×2（8）,1,,
たまご:発注済,8,0,たまご:発注済（8）,1,,
2個口,8,0,2個口（8）,1,,
羽柴&KRK,8,0,羽柴&KRK（8）,1,,
連絡済み,8,1,連絡済み（8）,1,,
八嶋:ゆうぞら,8,0,八嶋:ゆうぞら（8）,1,,
まどか欠品連絡済み,8,0,まどか欠品連絡済み（8）,1,,
佐藤,7,0,佐藤（7）,1,,
キャンセルしない,7,0,キャンセルしない（7）,1,,
住所変更済,7,0,住所変更済（7）,1,,
大石在庫:2kg3箱,7,0,大石(あかつき)在庫:2kg3箱（5） | 大石在庫(川中):2kg3箱（2）,2,,
1kg×5,7,0,1kg×5（7）,1,,
長谷川,7,0,長谷川（7）,1,,
アールグレイ,7,0,アールグレイ（7）,1,,
23着,7,0,23着（7）,1,,
たまご,7,0,たまご（6） | たまご(発注済)（1）,2,,
仁&石山,7,0,仁&石山（7）,1,,
七十七夜,7,0,七十七夜（7）,1,,
6日発送予定,7,0,6日発送予定（7）,1,,
引き取り,7,0,引き取り（6） | 19日:引き取り（1）,2,,
誕生日おめでとう,7,0,誕生日おめでとう（7）,1,,
楽天警告注文,7,0,楽天警告注文（7）,1,,
複数,7,0,複数（7）,1,,
9月(9,7,0,9月(9（7）,1,,
保存米はえぬき,7,0,保存米はえぬき（7）,1,,
駒,7,0,駒（7）,1,,
ラフランス(11,7,0,ラフランス(11（7）,1,,
東海林在庫:2,7,0,東海林(斉藤)在庫:2（7）,1,,
大石2kg3箱,7,0,大石(あかつき)2kg3箱（7）,1,,
伊藤青果2kg3箱,7,0,伊藤青果(あかつき)2kg3箱（7）,1,,
村上,7,0,村上(川中)（7）,1,,
大石),7,0,大石(川中))（7）,1,,
サイトウ,7,0,サイトウ(黄金)（7）,1,,
高橋黄貴妃,7,0,高橋(斉藤)黄貴妃（7）,1,,
30kg×2,7,0,30kg×2（7）,1,,
12月下(12,7,0,12月下(12（7）,1,,
クリーム,7,0,クリーム（7）,1,,
2箱rp,7,0,2箱rp（7）,1,,
25着,7,0,25着（6） | 25着(伝票印刷済)（1）,2,,
送り先変更済み,7,0,送り先変更済み（7）,1,,
岩根,7,0,岩根（7）,1,,
株式会社ドーホー,7,0,株式会社ドーホー（7）,1,,
優佳,7,0,優佳（7）,1,,
キャンベル,7,0,キャンベル（7）,1,,
黄金,7,0,黄金（7）,1,,
生姜55g,7,0,生姜55g（7）,1,,
(4,7,0,(4（7）,1,,
美晴(8,6,4,美晴(8（6）,1,,
金,6,1,金（6）,1,,
べに50本,6,0,べに50本（6）,1,,
羽柴:2個バンド,6,0,羽柴:2個バンド（6）,1,,
感謝,6,0,感謝（6）,1,,
ゴールド×2,6,0,ゴールド×2（6）,1,,
キャンセル希望,6,0,キャンセル希望（5） | キャンセル希望(問い合わせあり)（1）,2,,
齋藤,6,0,齋藤（6）,1,,
誕生日ギフト,6,0,誕生日ギフト（5） | 誕生日ギフト(伝票に記載のみ)（1）,2,,
発送済み,6,0,発送済み（6）,1,,
大将錦(6,6,0,大将錦(6（6）,1,,
20~6,6,0,20~6（6）,1,,
入金確認済,6,0,入金確認済（6）,1,,
26済み),6,1,26済み)（6）,1,,
12粒抹茶,6,0,12粒抹茶（6）,1,,
ラフ(10,6,0,ラフ(10（6）,1,,
スイカ(7,6,0,スイカ(7（6）,1,,
生そば4食,6,0,生そば4食（3） | 生そば4食(発注済)（2） | 生そば4食(在庫あり)（1）,3,,
),6,0,)（6）,1,,
母の日ギフト,6,0,母の日ギフト（5） | 母の日ギフト(簡易ギフト包装でOK)（1）,2,,
てんどうそば,6,0,てんどうそば（5） | てんどうそば(済)（1）,2,,
27着,6,0,27着（5） | 27(土)着（1）,2,,
再通知済み,6,0,再通知済み（6）,1,,
はるか(12,6,0,はるか(12（6）,1,,
冷蔵庫にあり,6,0,冷蔵庫にあり（6）,1,,
全て紅秀,6,0,全て紅秀（6）,1,,
せな,6,0,せな（6）,1,,
11月上(11,6,0,11月上(11（6）,1,,
送り主変更済み,6,0,送り主変更済み（6）,1,,
お母さん,6,0,お母さん（6）,1,,
和スイーツ,6,0,和スイーツ（5） | 和スイーツ(発注済)（1）,2,,
前回は石山さん,6,0,前回は石山さん（6）,1,,
振込待ち,6,0,振込待ち（6）,1,,
はえぬき10kg,6,0,はえぬき10kg（5） | はえぬき10kg(伝票発送済み)（1）,2,,
バラ×4,6,0,バラ×4（6）,1,,
シロッチバラ×2個,6,0,シロッチバラ×2個（6）,1,,
12月中(12,6,0,12月中(12（6）,1,,
福茶70g×2,6,0,福茶70g×2（6）,1,,
訳あり),6,0,訳あり)（6）,1,,
2箱11日:発送,6,0,2箱11日:発送（6）,1,,
すいーとぽてと,6,0,すいーとぽてと（3） | すいーとぽてと(記入済)（2） | すいーとぽてと(記入済み)（1）,3,,
すいーとぽてと10個,6,0,すいーとぽてと10個（5） | すいーとぽてと10個(記入済み)（1）,2,,
太賀&大石,6,1,太賀&大石（6）,1,,
英人,6,0,英人（6）,1,,
初美,6,0,初美（6）,1,,
島,6,0,島（6）,1,,
クレーム,6,1,クレーム（6）,1,,
豊,6,0,豊（3） | 豊在庫（3）,2,,
KRK在庫詰め替え,6,0,KRK在庫詰め替え（6）,1,,
*在庫分*,6,0,*在庫分*（6）,1,,
真綾,6,0,真綾（6）,1,,
カード不可,6,0,カード不可（6）,1,,
6着,5,0,6着（5）,1,,
仙台辛みそ,5,0,仙台辛みそ（5）,1,,
28→17日発送,5,0,28→17日発送（5）,1,,
11月,5,0,11月（5）,1,,
3件5箱,5,0,3件5箱（5）,1,,
10月,5,0,10月（5）,1,,
スモッチバラ×6個,5,0,スモッチバラ×6個（5）,1,,
p,5,1,p（5）,1,,
仁在庫:2個,5,0,仁在庫(あかつき):2個（5）,1,,
お誕生日おめでとう,5,0,お誕生日おめでとう（5）,1,,
決済NG:変更期限10,5,0,決済NG:変更期限10（5）,1,,
ゴールド×1,5,0,ゴールド×1（5）,1,,
日果里:,5,0,日果里:在庫（5）,1,,
べにふうき,5,0,べにふうき（5）,1,,
1kg×6,5,0,1kg×6（5）,1,,
55g×2,5,0,55g×2（5）,1,,
KRK在庫:6L,5,0,KRK在庫:6L（5）,1,,
桃,5,0,桃（4） | 桃(詰替在庫)（1）,2,,
つや姫×2,5,0,つや姫×2（5）,1,,
対応済み,5,0,対応済み（5）,1,,
老野森にあり,5,0,老野森にあり（5）,1,,
GOLDバラ×2,5,0,GOLDバラ×2（4） | GOLDバラ×2(発注済み)（1）,2,,
むかしの納豆,5,0,むかしの納豆（3） | むかしの納豆(発注済み)（1） | むかしの納豆(発注済)（1）,3,,
はえぬき各2箱,5,0,はえぬき各2箱（5）,1,,
保留,5,0,保留（5）,1,,
シロ×1,5,0,シロ×1（4） | シロ×1(済)（1）,2,,
白桃(7,5,0,白桃(7（5）,1,,
12粒ビター,5,0,12粒ビター（5）,1,,
ギフト箱,5,0,ギフト箱（5）,1,,
シロッチバラ×1個,5,0,シロッチバラ×1個（5）,1,,
だだちゃ豆,5,0,だだちゃ豆（4） | だだちゃ豆(発注済)（1）,2,,
無添加,5,0,無添加（5）,1,,
赤缶,5,0,赤缶（5）,1,,
入学内祝,5,0,入学内祝（5）,1,,
あす楽,5,0,あす楽（5）,1,,
露地(6,5,0,露地(6（5）,1,,
八十八夜,5,0,八十八夜（5）,1,,
高橋美郷,5,0,高橋(斉藤)美郷（5）,1,,
川中島,5,0,川中島（5）,1,,
石山(在庫5,5,0,石山(在庫5（5）,1,,
芹澤,5,0,芹澤（5）,1,,
31済み),5,0,31済み)（5）,1,,
10月(10,5,0,10月(10（5）,1,,
1月下(1,5,0,1月下(1（5）,1,,
カード案内,5,0,カード案内（5）,1,,
桜丞,5,0,桜丞(おうすけ)（3） | 桜丞(読み:おうすけ)（2）,2,,
6月25日まで,5,0,6月25日まで（5）,1,,
びすけっと,5,0,びすけっと（5）,1,,
洋スイーツ,5,0,洋スイーツ（4） | 洋スイーツ(発注済み)（1）,2,,
出産内祝,5,0,出産内祝（5）,1,,
ピオ(9,5,0,ピオ(9（5）,1,,
10済み),5,0,10済み)（5）,1,,
26以降,5,0,26以降（5）,1,,
八島あかつき:,5,0,八島(斉藤)あかつき:在庫（5）,1,,
取り込み漏れ,5,0,取り込み漏れ（5）,1,,
抹茶×22,5,0,抹茶×22（5）,1,,
赤,5,0,赤（5）,1,,
25以降,5,0,25以降（3） | 25以降(川中希望)（2）,2,,
2箱リピ,5,0,2箱リピ（5）,1,,
ゴールド,5,0,ゴールド（4） | ゴールド(発注済)（1）,2,,
発注済:5日,5,0,発注済:5日（5）,1,,
シュークリーム,5,0,シュークリーム（4） | シュークリーム(発注済)（1）,2,,
伊藤青果:2個バンド,5,0,伊藤青果:2個バンド（5）,1,,
ぽてと20個,5,0,ぽてと20個（5）,1,,
洋スイーツ:発注済,5,0,洋スイーツ:発注済（5）,1,,
ラフ(12,5,0,ラフ(12（5）,1,,
とろり,5,0,とろり（5）,1,,
55g,5,0,55g（5）,1,,
碧雲,5,0,碧雲（5）,1,,
20日リードタイム,5,0,20日リードタイム（5）,1,,
佐介,5,0,佐介（5）,1,,
1kg×2袋,5,0,1kg×2袋（5）,1,,
発送用,5,0,発送用（5）,1,,
24粒,5,0,24粒（5）,1,,
2不在,5,1,2不在（5）,1,,
3着,5,0,3着（4） | 3着(不在のため)（1）,2,,
化粧,5,0,化粧（5）,1,,
5件まとめて領収書,5,0,5件まとめて領収書（5）,1,,
28在庫),5,0,28在庫)（5）,1,,
KRK(6,5,0,KRK(6（5）,1,,
発注済**,5,0,発注済**（5）,1,,
青山:,5,0,青山:在庫（5）,1,,
鈴川,5,0,鈴川（5）,1,,
