課題No,案件名,ステータス,要望部署,重要度,承認,当初の要望,簡単な内容,想定工数,SPFxリスト名,状況メモ
1,仮払金申請の自動承認フロー,対応中,経営SPG,低,有り,Formsで申請→所属長へ自動承認→承認後、経理担当者へ通知。申請内容がExcelリスト化されるとなお良い。目的: 経理事務負担軽減/処理漏れ防止/MF入力簡素化,出張・経費の仮払を申請→承認→経理グループへ通知。精算完了まで管理。,10h〜,AdvancePayments,構築済み。2026-09-23に2段階承認(リーダー任意→マネージャー必須)を導入。Power Automateフロー本体は未着手
2,慶弔連絡の自動承認フロー,対応中,経営SPG,低,有り,Formsで申請→条件分岐(金額・休暇日数)→所属長・総務人事へ通知。特別休暇日数は本人へ、支払額は経理へ通知。目的: 総務人事の負担軽減/情報共有漏れ防止,慶弔区分に応じて見舞金額・特別休暇日数をマスタから自動算出。代理申請対応。,15〜20h,KeichoReports,構築済み(2026-08-21受領の慶弔見舞金規程を反映済み)。ver10.0.3で確認事項3件対応、ver10.0.4の修正依頼(慶弔2件)を精査中
3,海外保険加入依頼の自動承認フロー,対応中,経営SPG,低,有り,海外出張・赴任時の保険加入依頼を申請→所属長→社長の承認で処理。,申請者→所属長→社長承認。保険サイトへの入力は総務が実施。緊急時は事後申請で履歴を残す。,10h〜,OverseasInsurance,構築済み(所属長→社長の2段承認)。2026-09-23に渡航者の追加項目等の要望を受領し対応済み
4,名刺作成申請書の自動承認フロー,対象外,経営SPG,未定,有り,,,,,指示により対象外(済)
5,入社申請の自動作業フロー,対象外,経営SPG,未定,無し,,,,,指示により対象外(済)
6,昼食集計表のオンライン化,対応中,経営SPG,高,無し,手書きの昼食集計表を廃止し、総務人事の集計負担と計算ミスを解消。給与天引きに必要な月次集計を正確・迅速に。,昼食の当日/期間申込・取消に対応。月次自動集計までスコープに含む。,10h〜(+月次集計10h〜),LunchOrders,構築済み。月次集計は集計表フォーマット未提供のまま未実装。ver10.0.4の修正依頼(昼食1件)を精査中
7,年休申請の自動承認フロー,対応中,経営SPG,未定,有り,既存実装は「済」だがPowerAppsが複雑で前任者しか保守できないためやり直し。,申請・承認フロー群の雛形。取得日数の自動計算(土日除外)・休暇区分8種・年休カレンダー公開可否に対応。,,LeaveRequests,構築済み・全APPの雛形。ver10.0.4の修正依頼(年休6件)を精査中(2026-09-28受領・未実装)
8,実印申請の自動承認フロー,取り下げ,経営SPG,低,有り,実印(印章登録/社印利用)の申請を自動承認。,2026-08-17ヒアリングでシステム化取り下げ。,不明,,
9,勤怠データを給与連絡表へ反映,取り下げ,経営SPG,高,無し,部門勤怠データ(Excel)を給与連絡表(Excel)へ反映。,2026-08-17ヒアリングで取り下げ(自動化要素なし)。,不明,,将来復活の可能性あり
10,日程調整の自動化,取り下げ,経営SPG,高,有り,社長や各担当者との日程調整の手間削減。確定日程のカレンダー反映。,2026-08-17ヒアリングで取り下げ(Outlookで管理しているため)。,,,
11,許可申請自動承認,取り下げ,購買G,高,有り,許可申請の自動承認。,2026-09-23、先方から「許可申請は廃止」の指示を受領。,,,2026-09-23に先方から「許可申請は廃止」と回答。別紙P1〜4未入手のままだった
12,旅費申請自動承認,保留,購買G,中,有り,旅費申請の自動承認。既存運用(担当者個人のフロー)あり。,2026-08-27ヒアリングで保留。紙運用継続。,,,旅費申請経路・工番管理との親和性から紙運用の方が申請者負担が小さいため
13,承認の督促,未着手,購買G,未定,有り,未承認の申請を承認者へリマインド。,全承認フロー共通の横断機能。方式はListsステータス基準を推奨。,,,別紙P11未入手・先方回答なし。簡易承認方式ではスコープ外
14,帳票内容確認(付与基準),取り下げ,購買G,未定,無し,Previsionの付与基準の確認依頼・回答・反映を管理。,2026-08-27ヒアリングで取り下げ。,,,Prevision連携の可否が論点だった
15,Ktec Apps 通知修正,未着手,購買G,未定,無し,承認通知がメールとTeamsの両方に届く/承認済みなのに未承認表示になる事象の修正。,既存システムの調査・改修案件。,,,別紙P10未入手・先方回答なし
16,入社申請(リンク有),対象外,購買G,未定,無し,,,,,済。No.5関連のため今回対象外
17,営業〜設計製作負荷管理〜支払・入金,未着手,他,高,無し,Excelマクロシステム群を統合。シングルインプット・同期更新で二重入力と更新ずれを排除。,単独プロジェクト規模。スコープ定義・調査計画から。,不明,,先方回答なし
18,M365アカウント発行確認,対象外,他,未定,無し,,,,,済・説明書不要
19,休日出勤/振休/代休申請,対応中,経営SPG,未定,有り,2026-10-07打ち合わせで新規要望(予定/実績・振休/代休区分・8時間以内は振休/代休不可),社員番号で氏名自動表示。2段階承認。,,HolidayWorkRequests,ver11.0.1で新設(2026-10-07)。フロー本体は未着手
20,夜勤申請,対応中,経営SPG,未定,有り,2026-10-07打ち合わせで新規要望(予定は始業+9時間を終業に自動入力・実績は終業手入力),社員番号で氏名自動表示。2段階承認。,,NightShiftRequests,ver11.0.1で新設(2026-10-07)。夜勤の翌日終業・月次集計は先方未回答
