id,session,tier2_target,pdf_page_start,pdf_page_end
1-A-1,学生発表(1)／連続最適化(1),,24,25
1-A-2,学生発表(1)／連続最適化(1),,26,27
1-A-3,学生発表(1)／連続最適化(1),,28,29
1-A-4,学生発表(2)／連続最適化(2),,30,31
1-A-5,学生発表(2)／連続最適化(2),,32,33
1-A-6,学生発表(2)／連続最適化(2),,34,35
1-A-7,連続最適化(3),,36,37
1-A-8,連続最適化(3),,38,39
1-A-9,連続最適化(3),,40,41
1-A-10,連続最適化(3),,42,43
1-B-1,離散最適化(1),YES,44,45
1-B-2,離散最適化(1),YES,46,47
1-B-3,離散最適化(1),YES,48,49
1-B-4,離散最適化(2),YES,50,51
1-B-5,離散最適化(2),YES,52,53
1-B-6,離散最適化(2),YES,54,55
1-B-7,学生発表(4),,56,57
1-B-8,学生発表(4),,58,59
1-B-9,スケジューリング(1),YES,60,61
1-B-10,スケジューリング(1),YES,62,63
1-C-1,経営関連,,64,65
1-C-2,経営関連,,66,67
1-C-3,物流・サプライチェーン,YES,68,69
1-C-4,物流・サプライチェーン,YES,70,71
1-C-5,生産関連,YES,72,73
1-C-6,生産関連,YES,74,75
1-C-7,生産関連,YES,76,77
1-C-8,生産関連,YES,78,79
1-C-9,生産関連,YES,80,81
1-D-1,ゲーム理論(1),,82,83
1-D-2,ゲーム理論(1),,84,85
1-D-3,ゲーム理論(1),,86,87
1-D-4,ゲーム理論(2),,88,89
1-D-5,ゲーム理論(2),,90,91
1-D-6,ゲーム理論(2),,92,93
1-D-7,ゲーム理論(3),,94,95
1-D-8,ゲーム理論(3),,96,97
1-D-9,ゲーム理論(3),,98,99
1-E-1,信頼性,,100,101
1-E-2,信頼性,,102,103
1-E-3,信頼性,,104,105
1-E-4,機械学習(1),YES,106,107
1-E-5,機械学習(1),YES,108,109
1-E-6,機械学習(1),YES,110,111
1-E-7,機械学習(2),YES,112,113
1-E-8,機械学習(2),YES,114,115
1-E-9,機械学習(2),YES,116,117
1-F-1,ポートフォリオ(1),,118,119
1-F-2,ポートフォリオ(1),,120,121
1-F-3,ポートフォリオ(1),,122,123
1-F-4,学生発表(3)／ポートフォリオ(2),,124,125
1-F-5,学生発表(3)／ポートフォリオ(2),,126,127
1-F-6,学生発表(3)／ポートフォリオ(2),,128,129
1-F-7,信用リスク・リスク管理,,130,131
1-F-8,信用リスク・リスク管理,,132,133
1-F-9,信用リスク・リスク管理,,134,135
1-G-1,政策・行政,,136,137
1-G-2,政策・行政,,138,139
1-G-3,政策・行政,,140,141
1-G-4,公共関連(1),,142,143
1-G-5,公共関連(1),,144,145
1-G-6,公共関連(1),,146,147
1-G-7,学生発表(5)／公共関連(2),,148,149
1-G-8,学生発表(5)／公共関連(2),,150,151
1-G-9,学生発表(5)／公共関連(2),,152,153
1-G-10,学生発表(5)／公共関連(2),,154,155
1-H-1,企業事例交流会,YES,156,157
1-H-2,企業事例交流会,YES,158,159
1-H-3,企業事例交流会,YES,160,161
1-H-4,企業事例交流会,YES,162,163
1-H-5,企業事例交流会,YES,164,165
1-H-6,企業事例交流会,YES,166,171
1-S-1,特別講演1,YES,20,21
1-S-2,特別講演2,YES,22,23
2-A-1,学生発表(6)／連続最適化(4),,174,175
2-A-2,学生発表(6)／連続最適化(4),,176,177
2-A-3,学生発表(6)／連続最適化(4),,178,179
2-A-4,学生発表(8)／連続最適化(5),,180,181
2-A-5,学生発表(8)／連続最適化(5),,182,183
2-A-6,学生発表(8)／連続最適化(5),,184,185
2-A-7,連続最適化(6),,186,187
2-A-8,連続最適化(6),,188,189
2-A-9,連続最適化(6),,190,191
2-A-10,連続最適化(7),,192,193
2-A-11,連続最適化(7),,194,195
2-A-12,連続最適化(7),,196,197
2-B-1,スケジューリング(2),YES,198,199
2-B-2,スケジューリング(2),YES,200,201
2-B-3,スケジューリング(2),YES,202,203
2-B-4,"学生発表(9)／離散最適化,グラフ・ネットワーク",YES,204,205
2-B-5,"学生発表(9)／離散最適化,グラフ・ネットワーク",YES,206,207
2-B-6,"学生発表(9)／離散最適化,グラフ・ネットワーク",YES,208,209
2-B-7,離散最適化(3),YES,210,211
2-B-8,離散最適化(3),YES,212,213
2-B-9,離散最適化(3),YES,214,215
2-B-10,離散最適化(4),YES,216,217
2-B-11,離散最適化(4),YES,218,219
2-B-12,離散最適化(4),YES,220,221
2-B-13,離散最適化(4),YES,222,223
2-C-1,学生発表(7)／マーケティング，意思決定,,224,225
2-C-2,学生発表(7)／マーケティング，意思決定,,226,227
2-C-3,学生発表(7)／マーケティング，意思決定,,228,229
2-C-4,AHP，意思決定,,230,231
2-C-5,AHP，意思決定,,232,233
2-C-6,AHP，意思決定,,234,235
2-C-7,DEA,,236,237
2-C-8,DEA,,238,239
2-C-9,DEA,,240,241
2-C-10,多目的・ファジィ,,242,243
2-C-11,多目的・ファジィ,,244,245
2-D-1,待ち行列研究部会(1),,246,247
2-D-2,待ち行列研究部会(1),,248,249
2-D-3,待ち行列研究部会(1),,250,251
2-D-4,待ち行列研究部会(2),,252,253
2-D-5,待ち行列研究部会(2),,254,255
2-D-6,待ち行列研究部会(2),,256,257
2-D-7,待ち行列研究部会(3),,258,259
2-D-8,待ち行列研究部会(3),,260,261
2-D-9,待ち行列研究部会(3),,262,263
2-E-1,確率統計(1),,264,265
2-E-2,確率統計(1),,266,267
2-E-3,確率統計(1),,268,269
2-E-4,学生発表(10)／確率統計(2),,270,271
2-E-5,学生発表(10)／確率統計(2),,272,273
2-E-6,確率統計(3),,274,275
2-E-7,確率統計(3),,276,277
2-E-8,確率統計(3),,278,279
2-F-1,金融関連(1),,280,281
2-F-2,金融関連(1),,282,283
2-F-3,金融関連(1),,284,285
2-F-4,学生発表(11)／金融関連(2),,286,287
2-F-5,学生発表(11)／金融関連(2),,288,289
2-F-6,厚生と医療のOR研究部会(1),,290,291
2-F-7,厚生と医療のOR研究部会(1),,292,293
2-F-8,厚生と医療のOR研究部会(1),,294,295
2-F-9,厚生と医療のOR研究部会(2),,296,297
2-F-10,厚生と医療のOR研究部会(2),,298,299
2-F-11,厚生と医療のOR研究部会(2),,300,301
2-G-1,都市・地域・国土,YES,302,303
2-G-2,都市・地域・国土,YES,304,305
2-G-3,都市・地域・国土,YES,306,307
2-G-4,輸送・交通,YES,308,309
2-G-5,輸送・交通,YES,310,311
2-G-6,輸送・交通,YES,312,313
2-G-7,エネルギー・環境,YES,314,315
2-G-8,エネルギー・環境,YES,316,317
2-G-9,エネルギー・環境,YES,318,319
2-T-1,特別講演3,YES,172,173
